model_id,filename,display_id,ground_truth,true_segment_type,predicted_segment_type,type_correct,type_confidence,prediction,correct,confidence,second_prediction,second_confidence,margin,oracle_type_prediction,hard_prediction,hard_pattern,A_prob,B_prob,C_prob,D_prob,E_prob,F_prob,G_prob,S7_prob,S8_prob,S9_prob,S10_prob,S11_prob,S12_prob,S13_prob,S14_prob,S15_prob
segment-2026-10-03-r06,d0_1_01.png,d0,1,7,7,1,1.000000,1,1,0.999985,7,0.000015,0.999971,1,1,0110000,0.000015,1.000000,1.000000,0.000000,0.000000,0.000001,0.000000,0.393736,0.035192,0.048978,0.197883,0.247907,0.969269,0.989648,0.148812,0.998839
segment-2026-10-03-r06,d0_1_02.png,d0,1,7,7,1,1.000000,1,1,0.999989,7,0.000011,0.999979,1,1,0110000,0.000011,1.000000,1.000000,0.000000,0.000000,0.000001,0.000000,0.396143,0.033400,0.047566,0.189286,0.247610,0.970850,0.989475,0.152937,0.998814
segment-2026-10-03-r06,d0_2_04.png,d0,2,7,7,1,1.000000,2,1,1.000000,8,0.000000,1.000000,2,2,1101101,1.000000,1.000000,0.000000,1.000000,1.000000,0.000000,1.000000,0.930912,0.876791,0.994658,0.011154,0.370019,0.841673,0.996267,0.127857,0.829816
segment-2026-10-03-r06,d0_2_05.png,d0,2,7,7,1,1.000000,2,1,1.000000,8,0.000000,1.000000,2,2,1101101,1.000000,1.000000,0.000000,1.000000,1.000000,0.000000,1.000000,0.944030,0.865735,0.997264,0.006268,0.368285,0.890843,0.997929,0.121306,0.844502
segment-2026-10-03-r06,d0_2_06.png,d0,2,7,7,1,1.000000,2,1,1.000000,8,0.000000,1.000000,2,2,1101101,1.000000,1.000000,0.000000,1.000000,1.000000,0.000000,1.000000,0.943076,0.862515,0.996356,0.007007,0.346592,0.845902,0.998025,0.142221,0.894322
segment-2026-10-03-r06,d0_2_07.png,d0,2,7,7,1,1.000000,2,1,1.000000,8,0.000000,1.000000,2,2,1101101,1.000000,1.000000,0.000000,1.000000,1.000000,0.000000,1.000000,0.947325,0.864999,0.995700,0.007108,0.374354,0.784618,0.997315,0.107030,0.880851
segment-2026-10-03-r06,d0_4_09.png,d0,4,7,7,1,1.000000,4,1,1.000000,9,0.000000,1.000000,4,4,0110011,0.000004,1.000000,1.000000,0.000004,0.000000,0.999999,1.000000,0.183579,0.001259,0.008516,0.383027,0.220780,0.993191,0.956764,0.676317,0.991911
segment-2026-10-03-r06,d0_5_03.png,d0,5,7,7,1,1.000000,5,1,0.999484,9,0.000498,0.998986,5,5,1011011,1.000000,0.000498,1.000000,0.999999,0.000019,1.000000,1.000000,0.172547,0.724012,0.003986,0.176731,0.921182,0.929733,0.978307,0.941008,0.502352
segment-2026-10-03-r06,d0_5_08.png,d0,5,7,7,1,1.000000,5,1,0.997729,9,0.002247,0.995482,5,5,1011011,1.000000,0.002247,1.000000,0.999999,0.000024,1.000000,1.000000,0.122805,0.642035,0.005912,0.175548,0.880683,0.940677,0.979319,0.946584,0.667855
segment-2026-10-03-r06,d0_7_10.png,d0,7,7,7,1,1.000000,7,1,0.999017,1,0.000976,0.998040,7,7,1110000,0.999024,1.000000,1.000000,0.013134,0.000048,0.002204,0.000500,0.727406,0.328956,0.067292,0.118606,0.360836,0.986393,0.978733,0.021507,0.988217
segment-2026-10-03-r06,d10_3_01.jpg,d10,3,7,7,1,1.000000,3,1,1.000000,9,0.000000,1.000000,3,3,1111001,1.000000,1.000000,1.000000,1.000000,0.000000,0.000000,1.000000,0.873504,0.205161,0.001499,0.072089,0.787153,0.130723,0.995723,0.229102,0.962042
segment-2026-10-03-r06,d10_5_02.jpg,d10,5,7,7,1,1.000000,5,1,0.999952,9,0.000042,0.999910,5,5,1011011,1.000000,0.000042,1.000000,1.000000,0.000006,1.000000,1.000000,0.295209,0.905903,0.008372,0.677279,0.954485,0.790501,0.990549,0.989398,0.665745
segment-2026-10-03-r06,d11_4_01.jpg,d11,4,7,7,1,1.000000,4,1,1.000000,9,0.000000,1.000000,4,4,0110011,0.000220,1.000000,1.000000,0.000238,0.000003,0.999999,1.000000,0.224842,0.005947,0.050031,0.818968,0.472406,0.991324,0.969951,0.567617,0.986517
segment-2026-10-03-r06,d11_4_02.jpg,d11,4,7,7,1,1.000000,4,1,1.000000,9,0.000000,1.000000,4,4,0110011,0.000050,1.000000,1.000000,0.000051,0.000000,1.000000,1.000000,0.217357,0.002745,0.029828,0.796584,0.395807,0.994803,0.983097,0.489822,0.990287
segment-2026-10-03-r06,d11_6_03.jpg,d11,6,7,7,1,1.000000,6,1,0.999986,5,0.000013,0.999972,6,6,1011111,1.000000,0.000001,1.000000,1.000000,0.999987,1.000000,1.000000,0.116779,0.998437,0.787357,0.977759,0.977695,0.759448,0.998656,0.923909,0.887216
segment-2026-10-03-r06,d11_7_04.jpg,d11,7,7,7,1,1.000000,0,0,0.998929,8,0.001029,0.997899,0,?,1111100,1.000000,1.000000,1.000000,0.999999,0.982780,0.432483,0.001030,0.534218,0.064132,0.079146,0.553761,0.234282,0.974662,0.999047,0.185503,0.999173
segment-2026-10-03-r06,d12_0_02.jpg,d12,0,7,7,1,1.000000,0,1,0.998573,8,0.001427,0.997145,0,0,1111110,1.000000,1.000000,0.999986,1.000000,0.999999,0.999758,0.001427,0.157287,0.085907,0.759142,0.144819,0.152406,0.994858,0.991606,0.449566,0.995698
segment-2026-10-03-r06,d12_1_03.jpg,d12,1,7,7,1,1.000000,1,1,1.000000,7,0.000000,1.000000,1,1,0110000,0.000000,1.000000,1.000000,0.000000,0.000000,0.000000,0.000000,0.133674,0.006756,0.007010,0.081421,0.158213,0.991771,0.998424,0.033713,0.999971
segment-2026-10-03-r06,d12_1_04.jpg,d12,1,7,7,1,1.000000,1,1,1.000000,7,0.000000,1.000000,1,1,0110000,0.000000,1.000000,1.000000,0.000000,0.000000,0.000000,0.000000,0.136568,0.002809,0.002402,0.076756,0.137176,0.991077,0.998723,0.014300,0.999993
segment-2026-10-03-r06,d12_1_05.jpg,d12,1,7,7,1,1.000000,1,1,1.000000,7,0.000000,1.000000,1,1,0110000,0.000000,1.000000,1.000000,0.000000,0.000000,0.000000,0.000000,0.121952,0.003219,0.003374,0.083423,0.117557,0.992107,0.999282,0.018140,0.999992
segment-2026-10-03-r06,d12_2_01.jpg,d12,2,7,7,1,1.000000,2,1,1.000000,8,0.000000,1.000000,2,2,1101101,1.000000,1.000000,0.000000,1.000000,1.000000,0.000000,1.000000,0.970777,0.959293,0.999779,0.001396,0.110609,0.474123,0.999590,0.287354,0.891218
segment-2026-10-03-r06,d12_2_06.jpg,d12,2,7,7,1,1.000000,2,1,1.000000,8,0.000000,1.000000,2,2,1101101,1.000000,1.000000,0.000000,1.000000,1.000000,0.000000,1.000000,0.989033,0.981693,0.999421,0.000510,0.103744,0.157222,0.999886,0.141478,0.922162
segment-2026-10-03-r06,d12_2_07.jpg,d12,2,7,7,1,1.000000,2,1,1.000000,8,0.000000,1.000000,2,2,1101101,1.000000,1.000000,0.000000,1.000000,1.000000,0.000000,1.000000,0.993393,0.962798,0.999233,0.000375,0.088128,0.220777,0.999957,0.055474,0.966545
segment-2026-10-03-r06,d12_2_08.jpg,d12,2,7,7,1,1.000000,2,1,1.000000,8,0.000000,1.000000,2,2,1101101,1.000000,1.000000,0.000000,1.000000,1.000000,0.000000,1.000000,0.986495,0.930939,0.999613,0.000511,0.061577,0.436935,0.999880,0.090512,0.976650
segment-2026-10-03-r06,d12_4_09.jpg,d12,4,7,7,1,1.000000,4,1,1.000000,9,0.000000,1.000000,4,4,0110011,0.000000,1.000000,1.000000,0.000000,0.000000,1.000000,1.000000,0.041386,0.000024,0.002020,0.496676,0.292425,0.999900,0.992016,0.496934,0.999849
segment-2026-10-03-r06,d13_0_03.jpg,d13,0,7,7,1,1.000000,0,1,0.999988,8,0.000012,0.999976,0,0,1111110,1.000000,1.000000,1.000000,1.000000,1.000000,0.999999,0.000012,0.094771,0.495963,0.638187,0.337093,0.386841,0.988111,0.986741,0.638067,0.978528
segment-2026-10-03-r06,d13_0_04.jpg,d13,0,7,7,1,1.000000,0,1,0.999999,8,0.000001,0.999998,0,0,1111110,1.000000,1.000000,1.000000,1.000000,1.000000,1.000000,0.000001,0.053119,0.309007,0.397668,0.409052,0.254965,0.997419,0.956604,0.547832,0.992310
segment-2026-10-03-r06,d13_0_05.jpg,d13,0,7,7,1,1.000000,0,1,0.997122,8,0.002878,0.994243,0,0,1111110,1.000000,1.000000,0.999711,1.000000,0.999998,0.999371,0.002878,0.231573,0.336490,0.804903,0.273868,0.291263,0.986734,0.947120,0.522445,0.968858
segment-2026-10-03-r06,d13_0_06.jpg,d13,0,7,7,1,1.000000,0,1,0.999999,8,0.000001,0.999997,0,0,1111110,1.000000,1.000000,1.000000,1.000000,1.000000,1.000000,0.000001,0.042222,0.385164,0.535727,0.339846,0.279035,0.998412,0.962829,0.508376,0.985447
segment-2026-10-03-r06,d13_1_07.jpg,d13,1,7,7,1,1.000000,1,1,0.996474,7,0.003526,0.992948,1,1,0110000,0.003526,1.000000,0.999990,0.001590,0.000929,0.003017,0.000070,0.294935,0.062481,0.146435,0.350895,0.363001,0.952451,0.904958,0.289252,0.987032
segment-2026-10-03-r06,d13_1_08.jpg,d13,1,7,7,1,1.000000,1,1,0.999544,7,0.000456,0.999089,1,1,0110000,0.000456,1.000000,0.999996,0.000073,0.000035,0.000132,0.000161,0.298352,0.075093,0.171365,0.343128,0.333684,0.906387,0.955990,0.231603,0.989162
segment-2026-10-03-r06,d13_1_09.jpg,d13,1,7,7,1,1.000000,1,1,0.999783,7,0.000217,0.999566,1,1,0110000,0.000217,1.000000,0.999997,0.000028,0.000021,0.000219,0.000169,0.262535,0.077739,0.192771,0.311103,0.354971,0.914778,0.933018,0.275842,0.980977
segment-2026-10-03-r06,d13_2_01.jpg,d13,2,7,7,1,1.000000,2,1,1.000000,3,0.000000,1.000000,2,2,1101101,1.000000,1.000000,0.000007,1.000000,0.999995,0.000000,1.000000,0.949589,0.852455,0.983261,0.027236,0.231686,0.472813,0.991450,0.149816,0.874964
segment-2026-10-03-r06,d13_2_02.jpg,d13,2,7,7,1,1.000000,2,1,1.000000,3,0.000000,1.000000,2,2,1101101,1.000000,1.000000,0.000033,1.000000,0.999986,0.000000,0.999999,0.872957,0.702578,0.976097,0.036664,0.277872,0.663123,0.976042,0.235656,0.886434
segment-2026-10-03-r06,d13_2_10.jpg,d13,2,7,7,1,1.000000,2,1,1.000000,3,0.000000,1.000000,2,2,1101101,1.000000,1.000000,0.000001,1.000000,1.000000,0.000000,1.000000,0.907214,0.832898,0.994282,0.019817,0.254156,0.696735,0.988907,0.231818,0.863564
segment-2026-10-03-r06,d13_2_11.jpg,d13,2,7,7,1,1.000000,2,1,1.000000,3,0.000000,1.000000,2,2,1101101,1.000000,1.000000,0.000000,1.000000,1.000000,0.000000,1.000000,0.921986,0.857537,0.993950,0.013341,0.285033,0.520247,0.987333,0.192864,0.767978
segment-2026-10-03-r06,d13_4_12.jpg,d13,4,7,7,1,1.000000,4,1,1.000000,9,0.000000,1.000000,4,4,0110011,0.000294,1.000000,1.000000,0.000241,0.000003,0.999951,1.000000,0.263850,0.008560,0.060959,0.537789,0.375789,0.980751,0.898708,0.437107,0.974734
segment-2026-10-03-r06,d1_0_01.png,d1,0,7,7,1,1.000000,0,1,0.999908,8,0.000092,0.999816,0,0,1111110,1.000000,0.999999,1.000000,1.000000,1.000000,1.000000,0.000092,0.089404,0.597146,0.569930,0.580276,0.269824,0.993588,0.959968,0.686426,0.965324
segment-2026-10-03-r06,d1_1_02.png,d1,1,7,7,1,1.000000,1,1,0.999586,7,0.000414,0.999172,1,1,0110000,0.000414,1.000000,0.999999,0.000023,0.000002,0.000017,0.000059,0.395498,0.061380,0.081944,0.215136,0.259162,0.935735,0.954209,0.100410,0.994778
segment-2026-10-03-r06,d1_5_04.png,d1,5,7,7,1,1.000000,5,1,0.980257,9,0.016929,0.963328,5,5,1011011,0.999607,0.016977,1.000000,0.998341,0.002814,0.999977,0.999995,0.336169,0.733516,0.102436,0.460414,0.786942,0.789333,0.905485,0.875809,0.572254
segment-2026-10-03-r06,d1_h_03.png,d1,h,7,7,1,1.000000,h,1,0.991225,6,0.008551,0.982674,h,h,0010111,0.085076,0.022482,0.999999,0.084899,0.999133,1.000000,0.999709,0.086476,0.847729,0.902915,0.947849,0.732967,0.891872,0.504284,0.577806,0.665260
segment-2026-10-03-r06,d2_0_01.png,d2,0,7,7,1,1.000000,0,1,0.999502,8,0.000498,0.999005,0,0,1111110,1.000000,1.000000,1.000000,1.000000,1.000000,1.000000,0.000498,0.088060,0.878139,0.935651,0.196667,0.045325,0.999572,0.999102,0.594264,0.996737
segment-2026-10-03-r06,d2_1_03.png,d2,1,7,7,1,1.000000,1,1,1.000000,7,0.000000,1.000000,1,1,0110000,0.000000,1.000000,1.000000,0.000000,0.000000,0.000000,0.000000,0.200461,0.006906,0.030728,0.076327,0.185874,0.985039,0.998329,0.059013,0.999885
segment-2026-10-03-r06,d2_8_04.png,d2,8,7,7,1,1.000000,8,1,0.999859,6,0.000133,0.999726,8,8,1111111,0.999998,0.999867,0.999917,0.999996,0.999992,0.999993,1.000000,0.642441,0.761712,0.963046,0.105205,0.368466,0.941706,0.996049,0.813769,0.870027
segment-2026-10-03-r06,d2_h_02.png,d2,h,7,7,1,1.000000,h,1,1.000000,6,0.000000,1.000000,h,h,0010111,0.000024,0.000002,1.000000,0.000006,1.000000,1.000000,1.000000,0.006203,0.988850,0.993907,0.999256,0.853450,0.962101,0.458600,0.176186,0.833009
segment-2026-10-03-r06,d3_0_05.png,d3,0,7,7,1,1.000000,0,1,1.000000,8,0.000000,1.000000,0,0,1111110,1.000000,1.000000,1.000000,1.000000,1.000000,1.000000,0.000000,0.025060,0.193287,0.233728,0.322606,0.080409,0.999919,0.998985,0.261742,0.999282
segment-2026-10-03-r06,d3_1_03.png,d3,1,7,7,1,1.000000,1,1,0.999996,7,0.000004,0.999993,1,1,0110000,0.000004,1.000000,1.000000,0.000000,0.000000,0.000000,0.000000,0.330946,0.010331,0.009503,0.098496,0.141603,0.960002,0.996972,0.040759,0.999928
segment-2026-10-03-r06,d3_1_04.png,d3,1,7,7,1,1.000000,1,1,0.999997,7,0.000003,0.999993,1,1,0110000,0.000003,1.000000,1.000000,0.000000,0.000000,0.000000,0.000000,0.291959,0.009343,0.009001,0.104881,0.125783,0.986095,0.997461,0.020341,0.999919
segment-2026-10-03-r06,d3_2_02.png,d3,2,7,7,1,1.000000,2,1,1.000000,8,0.000000,1.000000,2,2,1101101,1.000000,1.000000,0.000000,1.000000,1.000000,0.000000,1.000000,0.966630,0.823273,0.999567,0.003382,0.809368,0.723328,0.998991,0.497061,0.551533
segment-2026-10-03-r06,d3_4_01.png,d3,4,7,7,1,1.000000,4,1,1.000000,1,0.000000,1.000000,4,4,0110011,0.000016,1.000000,1.000000,0.000002,0.000000,0.999656,1.000000,0.116107,0.001682,0.011388,0.723075,0.088219,0.996771,0.977620,0.179883,0.997685
segment-2026-10-03-r06,d4_0_01.jpg,d4,0,7,7,1,1.000000,0,1,1.000000,8,0.000000,1.000000,0,0,1111110,1.000000,1.000000,1.000000,1.000000,1.000000,1.000000,0.000000,0.008703,0.056272,0.056105,0.691635,0.164925,0.999996,0.999778,0.330006,0.999869
segment-2026-10-03-r06,d4_1_02.jpg,d4,1,7,7,1,1.000000,1,1,0.999959,7,0.000041,0.999919,1,1,0110000,0.000041,1.000000,1.000000,0.000000,0.000000,0.000000,0.000000,0.441655,0.099997,0.148516,0.209125,0.084759,0.986600,0.998955,0.098590,0.999172
segment-2026-10-03-r06,d4_2_03.jpg,d4,2,7,7,1,1.000000,2,1,1.000000,8,0.000000,1.000000,2,2,1101101,1.000000,1.000000,0.000000,1.000000,1.000000,0.000000,1.000000,0.982229,0.959547,0.998481,0.000932,0.422427,0.801572,0.999928,0.044416,0.897165
segment-2026-10-03-r06,d4_2_04.jpg,d4,2,7,7,1,1.000000,2,1,1.000000,8,0.000000,1.000000,2,2,1101101,1.000000,1.000000,0.000000,1.000000,1.000000,0.000000,1.000000,0.990941,0.978184,0.999612,0.000403,0.364886,0.667261,0.999973,0.046152,0.938834
segment-2026-10-03-r06,d4_2_05.jpg,d4,2,7,7,1,1.000000,2,1,1.000000,8,0.000000,1.000000,2,2,1101101,1.000000,1.000000,0.000000,1.000000,1.000000,0.000000,1.000000,0.976614,0.917811,0.998961,0.000826,0.362557,0.966040,0.999928,0.030404,0.964151
segment-2026-10-03-r06,d4_3_06.jpg,d4,3,7,7,1,1.000000,3,1,1.000000,9,0.000000,1.000000,3,3,1111001,1.000000,1.000000,1.000000,1.000000,0.000000,0.000000,1.000000,0.877749,0.140212,0.000151,0.018576,0.836526,0.614671,0.999611,0.031043,0.995304
segment-2026-10-03-r06,d4_4_07.jpg,d4,4,7,7,1,1.000000,4,1,1.000000,9,0.000000,1.000000,4,4,0110011,0.000000,1.000000,1.000000,0.000000,0.000000,1.000000,1.000000,0.136407,0.000030,0.000396,0.471822,0.144977,0.999171,0.994648,0.585032,0.999934
segment-2026-10-03-r06,d4_4_08.jpg,d4,4,7,7,1,1.000000,4,1,1.000000,9,0.000000,1.000000,4,4,0110011,0.000001,1.000000,1.000000,0.000001,0.000000,1.000000,1.000000,0.136975,0.000120,0.000629,0.652967,0.203024,0.998393,0.992304,0.771076,0.999506
segment-2026-10-03-r06,d4_4_09.jpg,d4,4,7,7,1,1.000000,4,1,1.000000,9,0.000000,1.000000,4,4,0110011,0.000000,1.000000,1.000000,0.000000,0.000000,1.000000,1.000000,0.141802,0.000016,0.000289,0.324898,0.126664,0.999283,0.994181,0.619252,0.999894
segment-2026-10-03-r06,d4_5_10.jpg,d4,5,7,7,1,1.000000,5,1,0.999985,9,0.000015,0.999970,5,5,1011011,1.000000,0.000015,1.000000,1.000000,0.000000,1.000000,1.000000,0.076534,0.873302,0.000076,0.060591,0.973386,0.936951,0.998366,0.989423,0.629699
segment-2026-10-03-r06,d4_5_11.jpg,d4,5,7,7,1,1.000000,5,1,0.999993,9,0.000007,0.999986,5,5,1011011,1.000000,0.000007,1.000000,1.000000,0.000000,1.000000,1.000000,0.085483,0.882652,0.000092,0.162666,0.976724,0.944373,0.999025,0.992322,0.699324
segment-2026-10-03-r06,d4_6_12.jpg,d4,6,7,7,1,1.000000,6,1,0.962830,8,0.037158,0.925671,6,6,1011111,1.000000,0.037159,1.000000,1.000000,0.999994,1.000000,0.999840,0.079908,0.955527,0.024241,0.823857,0.955514,0.994267,0.999834,0.928307,0.857776
segment-2026-10-03-r06,d4_9_13.jpg,d4,9,7,7,1,1.000000,9,1,1.000000,5,0.000000,0.999999,9,9,1111011,1.000000,1.000000,1.000000,1.000000,0.000000,1.000000,1.000000,0.560208,0.073530,0.000195,0.012441,0.864301,0.995726,0.999855,0.436778,0.991199
segment-2026-10-03-r06,d4_9_14.jpg,d4,9,7,7,1,1.000000,9,1,1.000000,5,0.000000,1.000000,9,9,1111011,1.000000,1.000000,1.000000,1.000000,0.000000,1.000000,1.000000,0.562721,0.040924,0.000316,0.011739,0.814394,0.996410,0.999763,0.532070,0.995431
segment-2026-10-03-r06,d5_1_01.jpg,d5,1,7,7,1,1.000000,1,1,0.999992,7,0.000008,0.999984,1,1,0110000,0.000008,1.000000,1.000000,0.000000,0.000000,0.000000,0.000000,0.340032,0.088849,0.223232,0.227132,0.094818,0.944497,0.995104,0.283830,0.984121
segment-2026-10-03-r06,d5_2_02.jpg,d5,2,7,7,1,1.000000,2,1,1.000000,8,0.000000,1.000000,2,2,1101101,1.000000,1.000000,0.000000,1.000000,1.000000,0.000000,1.000000,0.959735,0.958674,0.996656,0.006393,0.412320,0.703286,0.999529,0.162539,0.609693
segment-2026-10-03-r06,d5_3_03.jpg,d5,3,7,7,1,1.000000,3,1,0.998097,2,0.001900,0.996196,3,3,1111001,1.000000,1.000000,0.984301,1.000000,0.106653,0.000003,1.000000,0.830154,0.573042,0.102084,0.037049,0.880159,0.318871,0.986881,0.263734,0.473060
segment-2026-10-03-r06,d5_4_04.jpg,d5,4,7,7,1,1.000000,4,1,1.000000,9,0.000000,1.000000,4,4,0110011,0.000002,1.000000,1.000000,0.000002,0.000000,1.000000,1.000000,0.158766,0.001695,0.009877,0.665235,0.125823,0.993402,0.976313,0.696030,0.992651
segment-2026-10-03-r06,d6_0_01.jpg,d6,0,7,7,1,1.000000,0,1,0.999999,8,0.000001,0.999997,0,0,1111110,1.000000,1.000000,1.000000,1.000000,1.000000,1.000000,0.000001,0.029641,0.411884,0.485486,0.473336,0.587353,0.998579,0.947971,0.466926,0.983078
segment-2026-10-03-r06,d6_0_02.jpg,d6,0,7,7,1,1.000000,0,1,0.999982,8,0.000018,0.999963,0,0,1111110,0.999999,1.000000,0.999990,0.999978,0.999888,0.999946,0.000018,0.219800,0.323819,0.367392,0.176623,0.302250,0.988690,0.907288,0.084845,0.936328
segment-2026-10-03-r06,d6_1_03.jpg,d6,1,7,7,1,1.000000,1,1,0.999945,7,0.000055,0.999889,1,1,0110000,0.000055,1.000000,0.999999,0.000005,0.000007,0.000340,0.000140,0.353796,0.067347,0.229492,0.271861,0.162520,0.951945,0.932472,0.398757,0.947624
segment-2026-10-03-r06,d6_2_04.jpg,d6,2,7,7,1,1.000000,2,1,0.999987,3,0.000008,0.999979,2,2,1101101,0.998319,0.999971,0.003866,0.998778,0.998015,0.001444,0.999561,0.769163,0.707073,0.909494,0.258851,0.456801,0.837801,0.720442,0.351510,0.762116
segment-2026-10-03-r06,d6_4_05.jpg,d6,4,7,7,1,1.000000,4,1,0.999973,9,0.000025,0.999948,4,4,0110011,0.003382,0.994793,0.999983,0.007320,0.000260,0.999268,0.999905,0.669899,0.312330,0.156505,0.650802,0.102284,0.811826,0.722829,0.651325,0.521641
segment-2026-10-03-r06,d7_3_01.jpg,d7,3,7,7,1,1.000000,3,1,1.000000,9,0.000000,0.999999,3,3,1111001,1.000000,1.000000,1.000000,1.000000,0.000002,0.000000,1.000000,0.891139,0.078600,0.009792,0.122861,0.687304,0.413239,0.995811,0.129892,0.991531
segment-2026-10-03-r06,d7_8_02.jpg,d7,8,7,7,1,1.000000,8,1,0.999999,9,0.000001,0.999999,8,8,1111111,1.000000,1.000000,0.999999,1.000000,0.999999,0.999398,1.000000,0.938766,0.201978,0.767785,0.062190,0.790229,0.894129,0.999628,0.684691,0.954260
segment-2026-10-03-r06,d9_2_01.jpg,d9,2,7,7,1,1.000000,2,1,1.000000,3,0.000000,1.000000,2,2,1101101,1.000000,1.000000,0.000002,1.000000,1.000000,0.000000,1.000000,0.955273,0.753719,0.992811,0.006170,0.284703,0.390010,0.994471,0.348790,0.726391
